City_ID,City,Lat,Lng,Max Temp,Humidity,Cloudiness,Wind Speed,Country,Date
0,iroquois falls,48.7669,-80.6831,1.04,96,95,5.66,CA,1676396007
1,toora-khem,52.4675,96.11,-18.7,99,97,1.17,RU,1676396007
2,bathsheba,13.2167,-59.5167,28.34,69,40,9.26,BB,1676396008
3,husavik,66.0449,-17.3389,2.64,80,100,3.85,IS,1676396008
4,albany,42.6001,-73.9662,8.69,47,5,2.24,US,1676396008
5,kieta,-6.2167,155.6333,26.91,79,100,2.56,PG,1676396008
6,hithadhoo,-0.6,73.0833,27.38,71,25,3.91,MV,1676396008
7,itoman,26.1247,127.6694,17.01,67,100,8.23,JP,1676396008
8,victoria,22.2855,114.1577,16.29,61,5,7.6,HK,1676395946
9,maragogi,-9.0122,-35.2225,29.05,59,100,4.41,BR,1676396008
10,pisco,-13.7,-76.2167,28.03,65,0,4.12,PE,1676396009
11,olinda,-8.0089,-34.8553,28.85,70,40,5.66,BR,1676396009
12,kaeo,-35.1,173.7833,17.26,87,37,4.02,NZ,1676396009
13,dikson,73.5069,80.5464,-14.56,94,100,7.35,RU,1676396009
14,rawson,-43.3002,-65.1023,20.36,23,1,9.07,AR,1676396009
15,ushuaia,-54.8,-68.3,8.79,65,75,2.57,AR,1676395870
16,biak,-0.9131,122.8766,24.86,81,98,2.24,ID,1676396009
17,logstor,56.9624,9.2583,4.43,83,99,2.45,DK,1676395780
18,lukovetskiy,64.2956,41.9211,-8.27,95,44,2.51,RU,1676396009
19,hermanus,-34.4187,19.2345,22.67,82,87,4.75,ZA,1676395960
20,dobric,44.7019,19.5814,6.0,76,100,2.13,RS,1676396010
21,hervey bay,-25.2986,152.8535,24.12,85,91,3.72,AU,1676396010
22,parvatsar,26.8833,74.7667,19.36,16,2,2.42,IN,1676396010
23,lorengau,-2.0226,147.2712,26.69,79,100,0.84,PG,1676396010
24,qaanaaq,77.484,-69.3632,-31.09,86,99,1.31,GL,1676396010
25,kruisfontein,-34.0033,24.7314,23.82,90,99,3.83,ZA,1676396010
26,boa vista,2.8197,-60.6733,29.99,62,75,4.63,BR,1676396010
27,basco,20.4487,121.9702,22.8,79,92,12.81,PH,1676396010
28,palauig,15.435,119.9045,23.94,69,24,2.78,PH,1676396010
29,saint augustine,29.8947,-81.3145,23.36,45,0,2.57,US,1676396010
30,mataura,-46.1927,168.8643,8.45,99,11,1.29,NZ,1676396011
31,campbellsville,37.3434,-85.3419,16.64,39,77,1.34,US,1676396011
32,lamar,33.6668,-95.5836,14.64,100,100,6.17,US,1676396011
33,le mars,42.7942,-96.1656,5.43,100,75,4.63,US,1676396011
34,rikitea,-23.1203,-134.9692,25.86,68,100,1.11,PF,1676396011
35,hemnesberget,66.2333,13.6333,3.65,94,100,0.79,NO,1676396011
36,premia de mar,41.4921,2.3652,13.51,71,2,3.13,ES,1676396011
37,vila franca do campo,37.7167,-25.4333,15.23,60,90,3.62,PT,1676396011
38,punta arenas,-53.15,-70.9167,9.06,66,75,11.83,CL,1676396012
39,puro,12.4841,123.3827,24.89,83,85,7.27,PH,1676396012
40,carnarvon,-24.8667,113.6333,23.62,73,14,8.55,AU,1676396012
41,ushtobe,45.2514,77.9838,-11.34,90,22,1.81,KZ,1676396012
42,busselton,-33.65,115.3333,15.97,89,47,3.4,AU,1676396012
43,batagay,67.6333,134.6333,-46.92,99,45,0.79,RU,1676396012
44,port macquarie,-31.4333,152.9167,17.16,69,94,2.93,AU,1676396012
45,chuy,-33.6971,-53.4616,30.98,45,100,3.7,UY,1676396012
46,taltal,-25.4,-70.4833,23.04,72,56,2.86,CL,1676396012
47,yulara,-25.2406,130.9889,29.75,27,80,1.29,AU,1676396013
48,sakakah,29.9697,40.2064,8.76,56,25,7.78,SA,1676396013
49,bakuriani,41.7497,43.5325,-14.55,81,19,2.72,GE,1676396013
50,srednekolymsk,67.45,153.6833,-42.56,99,94,1.39,RU,1676396013
51,burayevo,55.8407,55.4083,-8.41,95,100,1.89,RU,1676396013
52,baykit,61.67,96.37,-18.88,98,100,1.09,RU,1676396013
53,hasaki,35.7333,140.8333,1.23,52,90,10.67,JP,1676396013
54,new norfolk,-42.7826,147.0587,13.17,64,77,1.16,AU,1676396013
55,vao,-22.6667,167.4833,23.93,59,7,3.42,NC,1676396013
56,makakilo city,21.3469,-158.0858,22.18,79,0,2.06,US,1676396013
57,bluff,-46.6,168.3333,12.22,86,14,3.23,NZ,1676396014
58,sao jose da coroa grande,-8.8978,-35.1478,29.09,59,97,4.01,BR,1676396014
59,constitucion,-35.3333,-72.4167,21.59,51,37,9.1,CL,1676396014
60,hobart,-42.8794,147.3294,13.36,86,72,4.63,AU,1676396014
61,jamestown,42.097,-79.2353,10.01,45,0,3.6,US,1676396014
62,binzhou,37.3667,118.0167,-1.4,51,100,2.21,CN,1676396014
63,yellowknife,62.456,-114.3525,-29.71,76,40,3.09,CA,1676396014
64,chokurdakh,70.6333,147.9167,-39.03,100,98,0.75,RU,1676396014
65,peniche,39.3558,-9.3811,16.83,72,95,8.29,PT,1676396014
66,faanui,-16.4833,-151.75,27.27,65,30,5.21,PF,1676396015
67,mar del plata,-38.0023,-57.5575,23.86,48,40,5.66,AR,1676396015
68,nakusp,50.2499,-117.8023,1.37,75,99,0.51,CA,1676396015
69,saint-philippe,-21.3585,55.7679,26.77,82,58,5.77,RE,1676396015
70,trinidad,-14.8333,-64.9,30.99,66,75,5.66,BO,1676396015
71,east london,-33.0153,27.9116,24.52,94,100,4.12,ZA,1676396015
72,eyl,7.9803,49.8164,23.97,75,1,7.38,SO,1676396015
73,nikolskoye,59.7035,30.7861,-0.06,97,93,1.51,RU,1676396015
74,port alfred,-33.5906,26.891,23.43,94,65,1.79,ZA,1676396015
75,puerto ayora,-0.7393,-90.3518,29.98,87,25,2.68,EC,1676396015
76,victor harbor,-35.5667,138.6167,18.71,68,4,2.98,AU,1676396016
77,bethel,41.3712,-73.414,10.64,38,0,5.66,US,1676396016
78,yumen,40.2833,97.2,-4.08,49,51,3.33,CN,1676396016
79,novyy urengoy,66.0833,76.6333,-16.25,97,95,3.5,RU,1676396016
80,araouane,18.9048,-3.5265,30.13,14,59,4.91,ML,1676396016
81,sobolevo,54.4299,31.8996,-2.73,88,95,6.66,RU,1676396016
82,caravelas,-17.7125,-39.2481,29.88,58,100,4.52,BR,1676396016
83,yar-sale,66.8333,70.8333,-18.13,99,100,3.9,RU,1676396016
84,barrow,71.2906,-156.7887,-26.99,76,100,5.66,US,1676395805
85,cape town,-33.9258,18.4232,22.84,70,20,10.8,ZA,1676395948
86,ribeira grande,38.5167,-28.7,15.43,63,20,4.12,PT,1676396017
87,port blair,11.6667,92.75,23.02,83,12,1.03,IN,1676395801
88,fairbanks,64.8378,-147.7164,-23.02,77,75,2.06,US,1676396017
89,saskylakh,71.9167,114.0833,-17.37,97,96,2.17,RU,1676396017
90,castro,-24.7911,-50.0119,23.95,83,60,3.69,BR,1676395941
91,torbay,47.6666,-52.7314,-2.01,95,100,14.4,CA,1676396017
92,komsomolskiy,40.4272,71.7189,4.4,81,75,1.03,UZ,1676396017
93,huilong,31.8111,121.655,3.29,72,100,5.53,CN,1676396017
94,atar,20.5169,-13.0499,29.51,19,100,3.55,MR,1676396017
95,narsaq,60.9167,-46.05,-9.88,84,19,1.4,GL,1676396018
96,nueva loja,0.0847,-76.8828,27.01,78,75,2.06,EC,1676395822
97,acapulco,16.8634,-99.8901,29.9,62,40,2.57,MX,1676396018
98,saint-pierre,-21.3393,55.4781,26.82,69,0,7.2,RE,1676395810
99,georgetown,5.4112,100.3354,24.97,94,40,2.57,MY,1676396018
100,port lincoln,-34.7333,135.8667,19.44,76,2,4.82,AU,1676396018
101,coquimbo,-29.9533,-71.3436,20.85,68,0,6.69,CL,1676396018
102,bereda,43.2686,-7.5406,9.1,79,46,0.71,ES,1676396019
103,qaqortoq,60.7167,-46.0333,-14.36,77,2,0.66,GL,1676396019
104,kodiak,57.79,-152.4072,2.73,75,0,6.17,US,1676396019
105,aklavik,68.2191,-135.0107,-38.0,67,20,1.03,CA,1676396019
106,dhrangadhra,22.9833,71.4667,22.43,24,0,2.94,IN,1676396019
107,beringovskiy,63.05,179.3167,-24.34,92,97,3.02,RU,1676396019
108,geraldton,-28.7667,114.6,19.23,72,75,3.6,AU,1676396019
109,belmonte,-15.8631,-38.8828,29.16,62,38,4.18,BR,1676396019
110,arrifes,37.7667,-25.7,14.14,55,20,7.72,PT,1676396020
111,leningradskiy,69.3833,178.4167,-32.27,96,100,3.99,RU,1676396020
112,arraial do cabo,-22.9661,-42.0278,30.98,70,75,5.14,BR,1676396020
113,hilo,19.7297,-155.09,22.93,85,0,3.09,US,1676395721
114,ilulissat,69.2167,-51.1,-24.99,53,0,3.09,GL,1676396020
115,half moon bay,37.4636,-122.4286,10.46,48,0,7.72,US,1676396020
116,kingaroy,-26.5333,151.8333,16.98,99,36,2.77,AU,1676396020
117,kapaa,22.0752,-159.319,22.18,90,40,7.2,US,1676396020
118,esperance,-33.8667,121.9,17.89,82,61,4.79,AU,1676396020
119,trelew,-43.249,-65.3051,19.79,19,0,8.94,AR,1676395764
120,waw,7.7029,27.9953,29.05,17,31,2.0,SS,1676396021
121,guozhen,34.3659,107.359,0.87,89,65,0.56,CN,1676396021
122,staryy nadym,65.6118,72.6842,-14.73,97,98,3.38,RU,1676396021
123,kavaratti,10.5669,72.642,26.53,73,2,3.46,IN,1676396021
124,bull savanna,17.8868,-77.5902,26.81,55,0,4.65,JM,1676396021
125,college,64.8569,-147.8028,-23.03,77,75,2.06,US,1676396021
126,hvolsvollur,63.7533,-20.2243,3.37,68,100,6.14,IS,1676396021
127,nouakchott,18.0858,-15.9785,21.96,69,100,7.47,MR,1676395963
128,port augusta,-32.5,137.7667,21.16,31,0,2.24,AU,1676396021
129,khokhlovo,59.1492,37.3998,-1.99,87,98,4.65,RU,1676396022
130,khani,41.9563,42.9566,-3.24,82,88,2.23,GE,1676396022
131,amot,59.5714,7.9877,-2.91,82,89,2.08,NO,1676396022
132,vaini,-21.2,-175.2,27.24,80,100,5.25,TO,1676396022
133,wagar,16.1525,36.2032,28.85,35,38,6.78,SD,1676396022
134,portland,45.5234,-122.6762,3.38,95,75,2.06,US,1676396022
135,cherskiy,68.75,161.3,-43.56,100,54,0.7,RU,1676395822
136,bombo,-8.6131,119.0131,24.54,90,99,1.88,ID,1676396022
137,broken hill,-31.95,141.4333,19.9,31,0,2.84,AU,1676396023
138,baturaja,-4.1333,104.1667,23.0,88,99,0.92,ID,1676396023
139,tarakan,3.3,117.6333,25.66,81,100,2.09,ID,1676396023
140,coruripe,-10.1256,-36.1756,29.79,57,82,6.0,BR,1676396023
141,saint anthony,45.0205,-93.218,4.51,84,100,5.66,US,1676396023
142,buraydah,26.326,43.975,12.25,39,35,5.68,SA,1676396002
143,airai,-8.9266,125.4092,16.25,96,100,0.83,TL,1676396023
144,decatur,39.8403,-88.9548,10.07,71,75,6.17,US,1676396023
145,ahuimanu,21.4447,-157.8378,22.84,83,40,5.14,US,1676396023
146,kaitangata,-46.2817,169.8464,11.93,95,94,2.19,NZ,1676396023
147,port elizabeth,-33.918,25.5701,25.05,88,75,4.12,ZA,1676396023
148,poltavka,54.3663,71.7632,-20.95,96,12,3.26,RU,1676396024
149,kibala,9.1104,18.3463,32.97,11,0,2.06,TD,1676396024
150,ostrovnoy,68.0531,39.5131,-8.63,86,100,2.19,RU,1676396024
151,bredasdorp,-34.5322,20.0403,21.39,76,88,4.24,ZA,1676395849
152,tuatapere,-46.1333,167.6833,14.17,90,91,0.25,NZ,1676396024
153,alugan,12.2188,125.4808,25.67,85,89,7.36,PH,1676396024
154,chokwe,-24.5333,32.9833,25.46,86,47,3.66,MZ,1676396024
155,ormara,25.2088,64.6357,22.29,80,2,4.51,PK,1676396025
156,poum,-20.2333,164.0167,25.18,67,15,1.93,NC,1676396025
157,atuona,-9.8,-139.0333,25.92,79,17,7.95,PF,1676396025
158,jumla,29.2747,82.1838,6.44,40,34,1.95,NP,1676396025
159,tuktoyaktuk,69.4541,-133.0374,-29.0,76,100,3.6,CA,1676396025
160,eureka,40.8021,-124.1637,5.88,95,99,1.34,US,1676396025
161,rio branco,-9.9747,-67.81,31.34,66,75,3.09,BR,1676395734
162,hamilton,39.1834,-84.5333,14.93,46,0,5.14,US,1676395918
163,lafiagi,8.8667,5.4167,32.97,11,10,1.78,NG,1676396025
164,vaitape,-16.5167,-151.75,27.28,65,32,5.2,PF,1676396026
165,butaritari,3.0707,172.7902,27.21,72,77,6.5,KI,1676396026
166,benghazi,32.1167,20.0667,13.78,67,58,6.65,LY,1676395819
167,bambous virieux,-20.3428,57.7575,26.23,78,40,3.6,MU,1676396026
168,tasiilaq,65.6145,-37.6368,-0.91,97,100,3.5,GL,1676396026
169,palestine,31.9216,35.2033,8.68,71,51,1.8,PS,1676396026
170,concepcion del oro,24.6333,-101.4167,17.72,17,0,5.02,MX,1676396026
171,bilma,18.6853,12.9164,19.31,16,79,7.23,NE,1676396026
172,dubbo,-32.25,148.6167,18.07,72,0,4.63,AU,1676396026
173,marsa matruh,31.3525,27.2453,12.11,71,40,4.12,EG,1676396027
174,minchinabad,30.163,73.5685,17.19,20,12,0.1,PK,1676396027
175,san patricio,28.017,-97.5169,26.92,22,92,5.98,US,1676396027
176,itamaraca,-7.7478,-34.8256,29.03,63,100,3.98,BR,1676396027
177,avarua,-21.2078,-159.775,27.03,83,40,2.57,CK,1676396027
178,oistins,13.0667,-59.5333,28.05,69,40,9.26,BB,1676396027
179,alihe,50.5667,123.7167,-24.34,97,12,1.35,CN,1676396027
180,abu dhabi,24.4667,54.3667,24.06,53,0,2.06,AE,1676395851
181,la ciotat,43.1748,5.6045,11.98,79,0,1.34,FR,1676395809
182,puerto colombia,10.9878,-74.9547,29.05,76,6,10.42,CO,1676396028
183,muzhi,65.3667,64.6667,-19.63,100,99,2.02,RU,1676396028
184,saint george,37.1041,-113.5841,7.92,61,100,0.89,US,1676396028
185,shimoda,34.6667,138.95,1.72,71,89,3.09,JP,1676396028
186,nome,64.5011,-165.4064,-27.96,76,0,0.0,US,1676396028
187,touros,-5.1989,-35.4608,29.45,67,100,6.55,BR,1676396028
188,hay river,60.8156,-115.7999,-21.01,77,75,2.57,CA,1676396028
189,verkhnyaya tura,58.3594,59.8175,-8.41,99,100,1.07,RU,1676396028
190,lebu,-37.6167,-73.65,17.99,63,37,5.66,CL,1676396028
191,cabo san lucas,22.8909,-109.9124,22.51,45,0,1.03,MX,1676396029
192,nuuk,64.1835,-51.7216,-14.66,66,75,6.17,GL,1676396029
193,thompson,55.7435,-97.8558,-21.91,71,75,6.69,CA,1676396029
194,ouadda,8.0777,22.4007,27.11,21,7,1.8,CF,1676396029
195,furstenwalde,52.3667,14.0667,6.32,85,60,2.0,DE,1676396020
196,hofn,64.2539,-15.2082,5.15,82,98,8.39,IS,1676396029
197,pleshanovo,52.8333,53.4833,-8.96,92,99,5.83,RU,1676396029
198,ponta do sol,32.6667,-17.1,17.29,50,60,5.95,PT,1676396029
199,stephenville,32.2207,-98.2023,17.09,37,0,11.83,US,1676396030
200,prince rupert,54.3161,-130.3201,0.83,93,40,4.63,CA,1676396030
201,blairmore,49.6,-114.4353,-5.9,63,99,2.57,CA,1676396030
202,jalu,29.0331,21.5482,14.15,41,26,5.09,LY,1676396030
203,susangerd,31.5608,48.1831,12.04,78,100,4.52,IR,1676396030
204,rexburg,43.826,-111.7897,-5.0,73,100,0.0,US,1676396030
205,north bend,43.4065,-124.2243,4.95,92,75,9.26,US,1676396030
206,muros,42.7762,-9.0603,16.75,74,46,2.5,ES,1676396030
207,saldanha,-33.0117,17.9442,23.03,85,9,10.71,ZA,1676396031
208,corinto,37.9407,22.9573,5.5,56,0,0.88,GR,1676396031
209,sabha,27.0377,14.4283,13.52,34,63,4.3,LY,1676396031
210,dois corregos,-22.3661,-48.3803,28.13,63,46,3.98,BR,1676396031
211,lavrentiya,65.5833,-171.0,-28.86,92,82,3.09,RU,1676396031
212,naze,28.3667,129.4833,11.51,75,100,4.19,JP,1676396031
213,sitka,57.0531,-135.33,0.94,69,75,3.6,US,1676396031
214,gwembe,-16.4975,27.6069,19.03,91,82,1.0,ZM,1676396031
215,cap malheureux,-19.9842,57.6142,26.37,70,21,1.79,MU,1676396031
216,souillac,-20.5167,57.5167,26.21,78,40,3.6,MU,1676396031
217,salalah,17.0151,54.0924,24.05,73,20,1.54,OM,1676396032
218,upernavik,72.7868,-56.1549,-28.33,92,100,3.3,GL,1676396032
219,sakaiminato,35.55,133.2333,1.99,55,75,5.66,JP,1676396032
220,severo-kurilsk,50.6789,156.125,-3.51,86,100,15.45,RU,1676396032
221,fortuna,40.5982,-124.1573,4.96,96,75,3.09,US,1676396032
222,emerald,-23.5333,148.1667,25.56,56,67,2.67,AU,1676396032
223,sala consilina,40.3912,15.5989,7.44,69,0,1.7,IT,1676396032
224,santa vitoria do palmar,-33.5189,-53.3681,31.33,44,100,3.9,BR,1676396032
225,tukrah,32.5341,20.5791,12.52,70,79,6.38,LY,1676396033
226,saint-joseph,-21.3667,55.6167,26.21,82,60,5.66,RE,1676395807
227,adet,11.2644,37.4888,18.63,36,82,2.89,ET,1676396033
228,stabat,3.761,98.4513,26.11,96,85,1.12,ID,1676396033
229,laguna,38.421,-121.4238,9.52,41,0,7.2,US,1676396033
230,cartagena del chaira,1.3349,-74.8429,35.28,36,75,1.77,CO,1676396033
231,pevek,69.7008,170.3133,-40.39,100,100,3.03,RU,1676396033
232,broome,42.2506,-75.833,8.71,49,0,3.6,US,1676396033
233,kerema,-7.9631,145.7785,25.97,86,100,5.23,PG,1676396033
234,cayenne,4.9333,-52.3333,27.02,89,75,3.09,GF,1676395808
235,itaituba,-4.2761,-55.9836,33.09,62,40,4.12,BR,1676396034
236,durban,-29.8579,31.0292,27.51,86,84,1.79,ZA,1676395824
237,yumbe,3.4651,31.2469,27.34,19,97,3.03,UG,1676396034
238,lieksa,63.3167,30.0167,-2.97,98,100,2.23,FI,1676396034
239,provideniya,64.3833,-173.3,-27.21,95,96,2.53,RU,1676396034
240,tucuman,-26.8241,-65.2226,32.0,55,20,3.09,AR,1676395827
241,letterkenny,54.95,-7.7333,13.96,79,94,7.75,IE,1676396034
242,turayf,31.6725,38.6637,7.14,57,75,6.17,SA,1676396035
243,codrington,-38.2667,141.9667,12.0,77,69,3.46,AU,1676396035
244,bayan,46.0833,127.4,-28.34,100,37,1.57,CN,1676396035
245,khandyga,62.6667,135.6,-44.23,100,95,1.38,RU,1676396035
246,tateyama,34.9833,139.8667,3.94,54,83,8.82,JP,1676396035
247,ust-tarka,55.5672,75.705,-23.76,100,73,2.13,RU,1676396035
248,luderitz,-26.6481,15.1594,19.73,79,0,8.7,NA,1676396035
249,tadine,-21.55,167.8833,22.66,75,3,3.01,NC,1676396035
250,otaru,43.1894,141.0022,-12.55,83,100,8.58,JP,1676396036
251,ancud,-41.8697,-73.8203,14.18,83,100,4.88,CL,1676396036
252,smithers,54.7804,-127.1743,-9.82,92,40,1.54,CA,1676396036
253,vostok,46.4856,135.8833,-23.99,99,93,1.1,RU,1676396036
254,brae,60.3964,-1.353,7.09,84,96,6.02,GB,1676396036
255,pak phanang,8.3511,100.202,25.35,79,70,2.08,TH,1676396036
256,havre-saint-pierre,50.2334,-63.5986,-4.0,38,0,1.54,CA,1676396036
257,nhulunbuy,-12.2333,136.7667,26.34,89,75,3.6,AU,1676396036
258,pasni,25.2631,63.471,22.37,78,5,5.51,PK,1676396033
259,vestmannaeyjar,63.4427,-20.2734,3.55,81,40,4.63,IS,1676396037
260,conakry,9.538,-13.6773,31.04,62,53,4.12,GN,1676396037
261,klaksvik,62.2266,-6.589,8.51,96,100,13.41,FO,1676396037
262,isangel,-19.55,169.2667,23.65,78,5,3.01,VU,1676396037
263,rocha,-34.4833,-54.3333,32.5,31,99,6.49,UY,1676396037
264,sao filipe,14.8961,-24.4956,21.78,74,11,5.81,CV,1676396037
265,nanortalik,60.1432,-45.2371,-9.49,72,12,10.5,GL,1676396037
266,mahebourg,-20.4081,57.7,26.25,78,40,3.6,MU,1676396038
267,camacha,33.0833,-16.3333,14.68,63,40,9.77,PT,1676396038
268,isabela,6.7085,121.9711,24.61,88,100,3.03,PH,1676396038
269,miandrivazo,-19.5167,45.4667,25.36,78,69,1.38,MG,1676396038
270,koson,39.0375,65.585,7.18,88,100,1.39,UZ,1676396038
271,tra vinh,9.9347,106.3453,24.37,81,100,5.09,VN,1676396038
272,luancheng,37.8792,114.6517,-3.91,49,97,1.96,CN,1676396038
273,sorland,67.667,12.6934,6.92,90,100,8.69,NO,1676396038
274,winslow,35.0242,-110.6974,6.1,52,75,16.46,US,1676396039
275,lac du bonnet,50.2536,-96.0612,0.85,94,100,2.66,CA,1676396039
276,sal rei,16.1833,-22.9167,22.11,68,20,10.8,CV,1676396039
277,los llanos de aridane,28.6585,-17.9182,17.86,78,20,5.66,ES,1676396039
278,simoes,-7.5989,-40.8178,37.32,21,53,3.63,BR,1676396039
279,torrington,41.8007,-73.1212,10.3,41,6,2.24,US,1676395751
280,te anau,-45.4167,167.7167,12.25,95,35,0.97,NZ,1676396040
281,joaima,-16.6542,-41.0306,33.39,33,87,3.17,BR,1676396040
282,gazli,40.1333,63.45,3.2,64,58,4.13,UZ,1676396040
283,lapas,38.1,21.4167,11.03,70,0,1.54,GR,1676396040
284,rehoboth,-23.3167,17.0833,28.89,12,32,6.49,NA,1676396040
285,roma,43.2128,-75.4557,7.63,66,20,4.12,US,1676396005
286,norman wells,65.282,-126.8329,-36.98,67,20,1.54,CA,1676395849
287,puerto leguizamo,-0.1934,-74.7819,30.01,66,83,0.59,CO,1676396040
288,odienne,9.51,-7.5692,35.02,8,6,2.94,CI,1676396040
289,sabang,5.8933,95.3214,27.9,73,69,4.94,ID,1676396040
290,vila velha,-20.3297,-40.2925,30.97,73,20,7.2,BR,1676395813
291,mazurivka,49.2745,24.2123,1.68,92,98,4.83,UA,1676396041
292,gunjur,13.2019,-16.7339,23.02,64,54,9.04,GM,1676396041
293,jalalabad,34.4265,70.4515,15.1,41,80,2.19,AF,1676396041
294,coronado,32.6859,-117.1831,13.37,84,100,8.23,US,1676396041
295,tura,25.5198,90.2201,14.91,37,0,0.88,IN,1676396041
296,pangnirtung,66.1451,-65.7125,-31.0,62,75,0.0,CA,1676396041
297,lipin bor,60.2622,37.9763,-5.65,88,96,4.53,RU,1676396041
298,kall,50.55,6.55,8.03,80,0,2.35,DE,1676396042
299,henties bay,-22.116,14.2845,19.21,83,16,4.72,NA,1676396042
300,cockburn town,21.4612,-71.1419,24.76,70,1,2.94,TC,1676396042
301,morant bay,17.8815,-76.4093,29.79,64,7,5.15,JM,1676396042
302,yei,4.095,30.6779,27.55,20,71,1.54,SS,1676396042
303,coihaique,-45.5752,-72.0662,15.34,76,100,3.09,CL,1676395773
304,bosaso,11.2842,49.1816,24.41,76,0,1.71,SO,1676396043
305,sao joao da barra,-21.6403,-41.0511,32.05,84,89,6.12,BR,1676396043
306,la ronge,55.1001,-105.2842,-20.86,65,20,3.6,CA,1676396043
307,kourou,5.1552,-52.6478,26.03,91,99,4.29,GF,1676396043
308,ulaanbaatar,47.9077,106.8832,-21.93,77,11,1.0,MN,1676395813
309,andenes,69.3143,16.1194,5.99,70,75,8.23,NO,1676396044
310,coffs harbour,-30.3,153.1333,19.52,94,75,3.6,AU,1676396044
311,seabra,-12.4186,-41.7703,31.01,36,18,2.39,BR,1676396044
312,vardo,70.3705,31.1107,-0.01,93,100,5.66,NO,1676396044
313,acarau,-2.8856,-40.12,29.59,67,88,7.89,BR,1676396044
314,payo,-3.7508,103.6372,23.2,85,100,0.6,ID,1676396044
315,valdivia,-39.8142,-73.2459,19.05,56,90,2.46,CL,1676395834
316,calvinia,-31.4707,19.776,23.79,40,0,4.04,ZA,1676396044
317,ulmi,44.4867,25.7803,5.39,66,7,1.78,RO,1676396045
318,jilin,43.0,126.0,-22.07,98,8,1.09,CN,1676396045
319,kavieng,-2.5744,150.7967,27.22,80,100,5.32,PG,1676396045
320,lugoba,-6.45,38.3333,23.94,83,23,2.22,TZ,1676396045
321,ventspils,57.3894,21.5606,0.96,100,43,1.03,LV,1676395802
322,alyangula,-13.8483,136.4192,27.42,79,91,6.77,AU,1676396045
323,quatre cocos,-20.2078,57.7625,26.16,81,24,5.5,MU,1676396045
324,general roca,-39.0333,-67.5833,26.46,21,1,10.47,AR,1676396045
325,port hawkesbury,45.6169,-61.3485,-1.01,89,100,5.14,CA,1676396045
326,iqaluit,63.7506,-68.5145,-26.15,76,100,2.06,CA,1676396045
327,lata,40.1629,-8.3327,16.71,62,48,3.95,PT,1676396045
328,gizo,-8.103,156.8419,27.76,77,100,6.58,SB,1676396046
329,boyolangu,-8.1181,111.8935,24.07,91,100,1.51,ID,1676396046
330,lerwick,60.1545,-1.1494,8.0,86,84,7.03,GB,1676396046
331,hovd,48.0056,91.6419,-16.05,84,64,1.17,MN,1676396046
332,andros,37.8333,24.9333,10.96,51,5,3.58,GR,1676396046
333,guerrero negro,27.9769,-114.0611,16.94,55,100,4.61,MX,1676396046
334,tiksi,71.6872,128.8694,-30.34,98,94,2.96,RU,1676396046
335,manta,-0.95,-80.7333,24.88,83,100,1.03,EC,1676396046
336,mount isa,-20.7333,139.5,24.87,31,82,4.63,AU,1676396047
337,rio grande,-32.035,-52.0986,27.06,72,69,3.82,BR,1676396047
338,piacabucu,-10.4056,-36.4344,29.95,55,99,5.4,BR,1676396047
339,fort nelson,58.8053,-122.7002,-17.81,70,75,1.54,CA,1676396047
340,takoradi,4.8845,-1.7554,28.05,77,52,5.02,GH,1676396047
341,srandakan,-7.9386,110.2506,24.11,91,100,3.59,ID,1676396047
342,vanderhoof,54.0166,-124.0198,-7.61,74,9,1.93,CA,1676396048
343,sorong,-0.8833,131.25,26.74,83,92,3.6,ID,1676396048
344,tezu,27.9167,96.1667,16.15,48,10,2.0,IN,1676396048
345,verkhnyaya inta,65.9811,60.3094,-13.85,91,100,3.39,RU,1676396048
346,tarata,-17.6167,-66.0167,23.68,37,46,1.21,BO,1676396048
347,snasa,64.2457,12.3778,2.67,97,99,1.64,NO,1676396048
348,gwadar,25.1216,62.3254,22.66,74,45,5.44,PK,1676396027
349,port hardy,50.6996,-127.4199,-0.9,93,20,1.54,CA,1676396048
350,qianguo,45.1171,124.8568,-18.02,96,5,0.81,CN,1676396049
351,ust-uda,54.1742,103.0304,-20.37,100,88,0.96,RU,1676396049
352,saint-augustin,51.226,-58.6502,-9.12,70,100,4.68,CA,1676396049
353,stykkisholmur,65.0757,-22.7297,2.21,71,100,8.4,IS,1676396049
354,aswan,24.0934,32.907,18.61,24,0,3.6,EG,1676396049
355,usinsk,65.9939,57.5281,-9.08,95,99,6.33,RU,1676396049
356,wattegama,6.7989,81.4808,20.37,92,12,1.86,LK,1676396049
357,lasa,46.6166,10.7002,9.49,40,3,0.36,IT,1676396018
358,kapit,2.0167,112.9333,22.0,99,100,0.47,MY,1676396049
359,baruun-urt,46.6806,113.2792,-16.63,88,100,2.45,MN,1676396050
360,tocopilla,-22.092,-70.1979,24.71,69,73,2.91,CL,1676396050
361,mayo,38.8876,-76.5119,15.11,41,0,2.24,US,1676396050
362,kathu,7.9178,98.3332,25.9,76,70,3.95,TH,1676396050
363,ulaangom,49.9811,92.0667,-26.0,86,54,1.52,MN,1676396050
364,dunedin,-45.8742,170.5036,14.33,89,100,0.45,NZ,1676396050
365,palu,-0.8917,119.8707,23.39,91,100,0.88,ID,1676396050
366,meulaboh,4.1363,96.1285,24.72,87,100,1.53,ID,1676396050
367,chichli,22.8333,78.8167,18.64,24,0,1.21,IN,1676396050
368,coahuayana,18.7333,-103.6833,31.15,28,11,2.76,MX,1676396050
369,oranjemund,-28.55,16.4333,18.55,97,25,5.2,NA,1676395812
370,gimli,50.6336,-96.9907,-0.99,80,100,5.14,CA,1676396051
371,solok,-0.7918,100.6593,20.73,90,75,0.95,ID,1676396051
372,imbituba,-28.24,-48.6703,29.98,62,6,6.34,BR,1676396051
373,bantou,26.2151,117.4893,7.59,86,92,1.64,CN,1676396051
374,monte azul paulista,-20.9072,-48.6414,29.46,59,43,2.49,BR,1676396051
375,whitefish,48.4111,-114.3376,-0.62,65,0,8.23,US,1676396051
376,colares,38.7992,-9.4469,16.82,78,20,9.39,PT,1676396051
377,petropavlovsk-kamchatskiy,53.0452,158.6483,-4.67,80,75,5.0,RU,1676395980
378,csaszar,47.498,18.1427,1.45,77,6,1.46,HU,1676396051
379,correntina,-13.3433,-44.6367,34.11,30,37,2.31,BR,1676396052
380,raiganj,25.6167,88.1167,16.24,34,0,2.13,IN,1676396052
381,mitsamiouli,-11.3847,43.2844,27.27,72,62,1.54,KM,1676396052
382,erzin,36.9559,36.2,5.37,49,0,2.06,TR,1676396052
383,zhigansk,66.7697,123.3711,-37.66,100,98,2.13,RU,1676396052
384,chernyshevskiy,63.0128,112.4714,-32.98,100,97,0.71,RU,1676396052
385,concordia,-31.393,-58.0209,39.44,27,95,4.2,AR,1676396052
386,show low,34.2542,-110.0298,-0.84,85,100,11.83,US,1676396052
387,kimbe,-5.5502,150.1429,24.34,94,100,0.96,PG,1676396052
388,tingo maria,-9.2895,-76.0088,25.17,83,75,1.03,PE,1676396052
389,charters towers,-20.1,146.2667,23.39,80,98,2.84,AU,1676396053
390,longyearbyen,78.2186,15.6401,-1.09,93,100,6.17,SJ,1676396053
391,talnakh,69.4865,88.3972,-16.55,93,100,5.0,RU,1676396053
392,shache,38.4167,77.2406,0.81,49,86,2.55,CN,1676396053
393,ngorongoro,-3.2397,35.4875,14.83,43,15,1.05,TZ,1676395902
394,yarovoye,52.9273,78.58,-23.24,100,94,2.2,RU,1676396053
395,senneterre,48.3835,-77.2328,-0.6,93,78,4.37,CA,1676396053
396,anta,25.15,76.3,18.97,24,0,1.14,IN,1676396053
397,tynne,50.6015,26.1849,1.22,77,9,5.44,UA,1676396054
398,el dorado,38.7666,-120.5177,3.32,57,55,1.69,US,1676396054
399,yaan,7.3833,8.5667,32.38,11,9,3.46,NG,1676396054
400,teacapan,22.55,-105.75,22.87,47,6,3.0,MX,1676396054
401,cleveland,41.4995,-81.6954,11.22,40,0,6.17,US,1676395935
402,xacmaz,41.4635,48.806,1.23,64,0,2.72,AZ,1676396054
403,lahuachaca,-17.3667,-67.6667,16.04,42,96,3.68,BO,1676396054
404,lagoa,39.05,-27.9833,13.63,57,81,4.74,PT,1676396055
405,boden,65.8252,21.6886,2.0,94,31,1.29,SE,1676396055
406,chapais,49.7834,-74.8492,-3.12,83,97,4.4,CA,1676396055
407,gat,31.61,34.7642,13.38,12,9,2.62,IL,1676395882
408,kashary,49.04,41.0056,-1.23,91,98,3.97,RU,1676396055
409,kenai,60.5544,-151.2583,-8.25,88,100,7.2,US,1676396055
410,jawhar,2.7809,45.5005,24.19,73,9,7.68,SO,1676396055
411,purpe,64.4803,76.6897,-13.61,95,98,5.32,RU,1676396055
412,griffith,41.5284,-87.4237,12.25,54,0,6.17,US,1676396056
413,guder,8.9667,37.7667,18.62,25,31,2.09,ET,1676396056
414,opuwo,-18.0607,13.84,28.21,24,92,5.37,NA,1676396056
415,porto nacional,-10.7081,-48.4172,33.0,48,18,0.61,BR,1676396056
416,san quintin,30.4833,-115.95,13.87,73,99,3.17,MX,1676396056
417,nantucket,41.2835,-70.0995,8.06,62,0,9.77,US,1676396056
418,saquarema,-22.92,-42.5103,31.08,80,94,2.83,BR,1676396056
419,westport,41.1415,-73.3579,11.34,33,0,6.17,US,1676396056
420,barentu,15.1139,37.5928,24.12,49,14,5.28,ER,1676396057
421,thinadhoo,0.5333,72.9333,27.34,71,35,4.97,MV,1676396057
422,marks,51.7111,46.7486,-5.67,96,100,4.65,RU,1676396057
423,ewo,-0.8725,14.8206,26.76,66,97,2.35,CG,1676396057
424,chara,56.9064,118.2631,-22.39,87,84,0.35,RU,1676396057
425,sisimiut,66.9395,-53.6735,-26.04,85,17,1.58,GL,1676396057
426,shibetsu,43.659,145.132,-13.6,83,83,6.19,JP,1676396057
427,zaragoza,41.6561,-0.8773,11.25,61,0,1.54,ES,1676395913
428,narasannapeta,18.4167,84.05,20.93,72,0,1.34,IN,1676396057
429,namibe,-15.1961,12.1522,22.76,79,97,5.33,AO,1676396058
430,chernogorsk,53.8236,91.2842,-24.24,84,20,2.0,RU,1676396058
431,huichapan,20.3833,-99.65,22.39,23,18,3.86,MX,1676396058
432,clyde river,70.4692,-68.5914,-35.87,61,20,0.0,CA,1676396058
433,carmen,18.6333,-91.8333,27.02,69,0,6.17,MX,1676396058
434,deputatskiy,69.3,139.9,-41.87,98,14,1.92,RU,1676396058
435,arteaga,18.4667,-102.4167,27.49,20,5,2.52,MX,1676396059
436,tautira,-17.7333,-149.15,26.99,76,5,4.14,PF,1676396059
437,denpasar,-8.65,115.2167,26.81,88,75,4.12,ID,1676396059
438,scarborough,54.2797,-0.4044,8.52,86,45,3.53,GB,1676395801
439,west wendover,40.7391,-114.0733,-1.44,55,20,4.12,US,1676396059
440,betera,39.5833,-0.45,12.76,72,100,3.09,ES,1676396059
441,lompoc,34.6391,-120.4579,12.79,71,75,4.12,US,1676396059
442,loubomo,-4.1997,12.6739,22.88,97,97,1.66,CG,1676396059
443,jambi,-1.6,103.6167,23.27,97,100,1.22,ID,1676396059
444,cidreira,-30.1811,-50.2056,27.93,69,22,5.76,BR,1676396060
445,beira,-19.8436,34.8389,30.05,79,75,8.23,MZ,1676396060
446,akyab,20.15,92.9,19.23,41,0,5.34,MM,1676396060
447,pascagoula,30.3658,-88.5561,23.4,69,0,9.26,US,1676396060
448,surgut,61.25,73.4167,-13.9,77,75,3.13,RU,1676396060
449,gawler,-34.6,138.7333,22.31,45,0,4.05,AU,1676396060
450,suileng,47.25,127.0833,-28.86,99,7,1.76,CN,1676396060
451,katiola,8.1333,-5.1,34.35,17,37,2.78,CI,1676396060
452,springbok,-29.6643,17.8865,21.03,46,0,2.94,ZA,1676396060
453,cururupu,-1.8283,-44.8683,27.48,81,99,3.11,BR,1676396060
454,ahipara,-35.1667,173.1667,18.53,84,12,4.65,NZ,1676396061
455,qaracala,39.8132,48.9523,3.45,59,1,1.79,AZ,1676396061
456,cordoba,-31.4135,-64.1811,32.64,42,75,2.06,AR,1676395922
457,mareeba,-17.0,145.4333,23.02,94,100,1.31,AU,1676396061
458,alice springs,-23.7,133.8833,21.75,43,1,2.06,AU,1676395910
459,coromandel,-18.4733,-47.2003,26.35,63,98,1.73,BR,1676396061
460,evensk,61.95,159.2333,-15.35,84,96,5.64,RU,1676396061
461,tarsus,36.9188,34.8784,6.93,44,0,1.93,TR,1676396061
462,matara,5.9485,80.5353,24.16,86,27,1.76,LK,1676396061
463,fare,-16.7,-151.0167,27.21,68,6,4.8,PF,1676396062
464,brazzaville,-4.2658,15.2832,27.61,69,89,2.57,CG,1676396062
465,tabou,4.423,-7.3528,28.58,72,86,3.06,CI,1676396062
466,birjand,32.8663,59.2211,11.26,62,75,2.06,IR,1676396062
467,pemangkat,1.1667,108.9667,24.5,89,76,2.59,ID,1676396062
468,viedma,-40.8135,-62.9967,21.23,19,0,9.35,AR,1676396062
469,irbeyskoye,55.6428,95.4522,-12.53,94,100,3.34,RU,1676396062
470,yasnyy,51.0333,59.8742,-14.84,94,100,3.35,RU,1676396062
471,san cristobal,7.7669,-72.225,23.1,50,64,2.65,VE,1676396062
472,gigmoto,13.7796,124.39,25.06,83,85,6.99,PH,1676396063
473,katsuura,35.1333,140.3,2.14,56,81,7.55,JP,1676396063
474,esil,51.9556,66.4042,-14.4,87,100,4.69,KZ,1676396063
475,aksarka,66.5606,67.7975,-18.83,98,100,3.4,RU,1676396063
476,ballina,-28.8667,153.5667,20.01,99,56,6.0,AU,1676396063
477,genhe,50.7833,121.5167,-28.91,100,51,0.77,CN,1676396063
478,shingu,33.7333,135.9833,0.62,63,3,4.38,JP,1676396063
479,daru,-9.0763,143.2092,26.01,86,100,4.89,PG,1676396063
480,alta floresta,-9.8756,-56.0861,34.9,49,40,1.54,BR,1676396063
481,cuenca,-2.8833,-78.9833,19.07,59,100,3.09,EC,1676396064
482,itarema,-2.9248,-39.9167,29.61,66,84,7.25,BR,1676396064
483,simbahan,6.3032,120.5836,26.07,82,100,7.92,PH,1676396064
484,berlevag,70.8578,29.0864,5.0,87,100,9.26,NO,1676396064
485,san andres,12.5847,-81.7006,29.01,65,20,6.17,CO,1676396064
486,mlowo,-9.0,32.9833,16.41,91,91,0.54,TZ,1676396064
487,karratha,-20.7377,116.8463,30.83,60,89,6.72,AU,1676396064
488,impfondo,1.6381,18.0667,27.26,46,82,1.39,CG,1676396064
489,santa rosa,14.3122,121.1114,25.99,74,92,4.78,PH,1676396064
490,mollendo,-17.0231,-72.0147,24.99,82,100,3.61,PE,1676396065
491,ellington,41.904,-72.4698,10.97,40,20,5.14,US,1676396065
492,bhinmal,25.0,72.25,20.06,17,0,1.32,IN,1676396065
493,kasane,-17.8167,25.15,27.05,61,40,2.57,BW,1676396065
494,belozernyy,45.0643,38.679,2.12,98,100,4.28,RU,1676396065
495,goderich,43.7501,-81.7165,7.18,53,4,5.66,CA,1676396065
496,madaoua,14.073,5.96,26.17,15,0,5.16,NE,1676396065
497,vievis,54.7667,24.8,2.31,87,31,2.37,LT,1676396065
498,nara,34.6851,135.8049,1.09,55,75,4.92,JP,1676396065
499,chipinge,-20.1883,32.6236,18.76,98,100,1.95,ZW,1676396066
500,montrose,38.4166,-108.2673,-5.26,79,95,5.31,US,1676396066
501,flin flon,54.7682,-101.865,-18.09,65,20,7.72,CA,1676396066
502,uyskoye,54.3775,60.0047,-16.44,99,100,0.91,RU,1676396066
503,bengkulu,-3.8004,102.2655,23.82,91,100,2.88,ID,1676396066
504,honiara,-9.4333,159.95,26.0,87,84,1.25,SB,1676396066
505,turukhansk,65.8167,87.9833,-13.1,95,100,5.3,RU,1676396066
506,bjornevatn,69.6672,29.9847,-0.21,100,75,5.14,NO,1676396066
507,alamor,-4.0181,-80.0197,22.32,76,98,1.82,EC,1676396066
508,sundargarh,22.1167,84.0333,16.77,22,0,1.86,IN,1676396067
509,sungaipenuh,-2.0833,101.3833,17.4,94,87,0.75,ID,1676396067
510,inhambane,-23.865,35.3833,27.99,78,40,4.12,MZ,1676396067
511,chumikan,54.7183,135.315,-26.21,87,5,8.07,RU,1676396067
512,xai-xai,-25.0519,33.6442,25.8,86,34,4.08,MZ,1676396067
513,haines junction,60.7522,-137.5108,-25.03,77,100,1.03,CA,1676396067
514,gornopravdinsk,60.05,69.9,-14.72,99,91,2.03,RU,1676396067
515,komsomolets,53.7453,62.0708,-13.89,95,100,1.98,KZ,1676396067
516,marfino,55.7028,37.3822,0.14,80,75,7.0,RU,1676396068
517,majene,-3.5403,118.9707,25.19,80,100,3.27,ID,1676396068
518,balakhta,55.38,91.6,-22.83,100,95,0.58,RU,1676396068
519,dandong,40.1292,124.3947,-6.28,40,86,7.45,CN,1676396068
520,jijiga,9.35,42.8,19.05,47,13,4.76,ET,1676396068
521,khatanga,71.9667,102.5,-14.67,95,99,4.69,RU,1676395849
522,nyurba,63.2842,118.3319,-34.64,100,87,0.36,RU,1676396069
523,onega,63.9061,38.1404,-11.77,96,61,1.56,RU,1676396069
524,kahului,20.8947,-156.47,22.69,90,40,3.13,US,1676396069
525,zaysan,47.4667,84.8667,-15.73,80,87,1.76,KZ,1676396069
526,villa carlos paz,-31.4241,-64.4978,30.77,35,14,3.67,AR,1676396069
527,grand gaube,-20.0064,57.6608,26.32,70,22,3.58,MU,1676396069
528,aykhal,66.0,111.5,-22.68,97,89,1.45,RU,1676396069
529,altamont,42.2068,-121.7372,-2.9,87,100,1.54,US,1676396013
530,freeport,40.6576,-73.5832,11.39,37,0,5.66,US,1676396069
531,ambon,-3.6954,128.1814,26.08,94,40,1.03,ID,1676396070
532,kota bahru,6.1333,102.2386,24.97,88,20,0.0,MY,1676396070
533,venado tuerto,-33.7456,-61.9688,36.59,10,0,4.6,AR,1676396070
534,kazaki,52.6248,38.2649,-1.57,92,98,7.13,RU,1676396070
535,verkhoyansk,67.5447,133.385,-47.59,100,82,0.43,RU,1676396070
536,palmer,42.1584,-72.3287,10.48,34,20,6.17,US,1676396070
537,cabedelo,-6.9811,-34.8339,31.37,67,100,5.13,BR,1676396070
538,auki,-8.7676,160.7034,25.65,89,64,2.17,SB,1676396070
